outcome#year#championship#surface#partner#opponents#score
winner#1987#australian open#grass#sherwood stewart#anne hobbs andrew castle#3 - 6 , 7 - 6 (5) , 6 - 3
winner#1988#wimbledon#grass#sherwood stewart#gretchen magers kelly jones#6 - 1 , 7 - 6 (3)
runner - up#1989#australian open#hard#sherwood stewart#jana novotná jim pugh#6 - 3 , 6 - 4
runner - up#1990#australian open#hard#jim pugh#natasha zvereva andrew castle#4 - 6 , 6 - 2 , 6 - 3
winner#1990#wimbledon (2)#grass#rick leach#elizabeth smylie john fitzgerald#7 - 5 , 6 - 2
