model#ru#max processors#processor frequency#max memory#max disk capacity#ga date
m3000#2#1 sparc64 vii or vii +#2.52 , 2.75 ghz (vii) or 2.86 ghz (vii + )#64 gb#4 2.5 sas#october 2008 (vii) , april 2011 (vii + )
t1000#1#1 ultrasparc t1#1.0 ghz#32 gb#one 3.5 sata or two 2.5 sas#march 2006
t2000#2#1 ultrasparc t1#1.0 , 1.2 , 1.4 ghz#64 gb#up to four 2.5 sas#december 2005
t5120#1#1 ultrasparc t2#1.2 , 1.4 ghz#128 gb#up to eight 2.5 sas#november 2007
t5140#1#2 ultrasparc t2 +#1.2 , 1.4 ghz#128 gb#up to eight 2.5 sas#april 2008
t5220#2#1 ultrasparc t2#1.2 , 1.4 ghz#128 gb#up to sixteen 2.5 sas#november 2007
t5240#2#2 ultrasparc t2 +#1.2 , 1.4 ghz#256 gb#up to sixteen 2.5 sas#april 2008
