serial number#wheel arrangement ( whyte notation )#build date#operational owner (s)#disposition
unknown#4 - 4 - 0#october 1856#western and atlantic railroad 49 texas#static display in grant park , atlanta , georgia
1555#2 - 6 - 0#february 1884#colorado and southern railway 9#georgetown loop railroad , silver plume , colorado
1861#4 - 4 - 0#february 1888#dardanelle and russelville 8#nevada state railroad museum , carson city , nevada
2053#4 - 6 - 0#october , 1890#union pacific railroad 1242#lion 's park , cheyenne , wyoming
2054#4 - 6 - 0#october , 1890#union pacific railroad 1243#durham western heritage museum , omaha , nebraska
2202#4 - 6 - 0#april 1892#texas and new orleans railroad 319#riverdale , georgia
2341#4 - 6 - 0#july 1896#southern pacific railroad 2248#grapevine vintage railroad , grapevine , texas
