no#-#title#director#writer#us air date#storyteller#villains
79#1#the tale of the silver sight , part 1#mark soulard#d j machale#april 2 , 2000#n / a#the evil spirit
80#2#the tale of the silver sight , part 2#mark soulard#d j machale#april 2 , 2000#n / a#the evil spirit
81#3#the tale of the silver sight , part 3#mark soulard#d j machale#april 2 , 2000#gary and tucker 's grandfather , gene#the evil spirit
82#4#the tale of the lunar locusts#jim donovan#michael koegel#april 9 , 2000#megan#the unborn alien babies
83#5#the tale of the stone maiden#adam weissman#mark d perry#april 16 , 2000#megan#the maiden statue
84#6#the tale of highway 13#jim donovan#ted elrick#april 23 , 2000#quinn#none
85#7#the tale of the reanimator#adam weissman#kenny davis#april 30 , 2000#quinn#reanimated zombie
86#8#the tale of the time trap#jim donovan#jim morris#may 7 , 2000#tucker#bell the genie
87#9#the tale of the photo finish#mark soulard#alan kingsberg#may 14 , 2000#andy#jasper davis
88#10#the tale of the last dance#jim donovan#mark d perry#may 21 , 2000#andy#none
89#11#the tale of the laser maze#mark soulard#peggy sarlin#may 28 , 2000#tucker#drake
90#12#the tale of many faces#lorette leblanc#alan kingsberg#june 4 , 2000#vange#madame visage
