state (class)#vacator#reason for change#successor#date of successors formal installation
arkansas (2)#john l mcclellan (d)#died november 28 , 1977#kaneaster hodges , jr (d)#december 10 , 1977
montana (2)#lee metcalf (d)#died january 12 , 1978#paul g hatfield (d)#january 22 , 1978
minnesota (1)#hubert humphrey (dfl)#died january 13 , 1978#muriel humphrey (d)#january 25 , 1978
alabama (3)#james allen (d)#died june 1 , 1978#maryon pittman allen (d)#june 8 , 1978
alabama (3)#maryon pittman allen (d)#successor elected november 7 , 1978#donald stewart (d)#november 7 , 1978
minnesota (1)#muriel humphrey (dfl)#successor elected november 7 , 1978#david durenberger (r)#november 8 , 1978
kansas (2)#james b pearson (r)#resigned december 23 , 1978#nancy kassebaum (r)#december 23 , 1978
mississippi (2)#james eastland (d)#resigned december 27 , 1978#thad cochran (r)#december 27 , 1978
minnesota (2)#wendell anderson (dfl)#resigned december 29 , 1978#rudy boschwitz (r)#december 30 , 1978
wyoming (2)#clifford hansen (r)#resigned december 31 , 1978#alan k simpson (r)#january 1 , 1979
