no in series#no in season#title#setting#directed by#written by#us viewers (million)#original air date
29#1#moment of nostalgia#summer 1540#dearbhla walsh#michael hirst#0.88#april 11 , 2010
30#2#sister#winter 1540#dearbhla walsh#michael hirst#n / a#april 18 , 2010
31#3#something for you#spring 1541#dearbhla walsh#michael hirst#n / a#april 25 , 2010
32#4#natural ally#summer / autumn 1541#ciarán donnelly#michael hirst#0.90#may 2 , 2010
33#5#bottom of the pot#winter 1541 / february 13 , 1542#ciarán donnelly#michael hirst#0.93#may 9 , 2010
34#6#you have my permission#1542#ciarán donnelly#michael hirst#n / a#may 16 , 2010
35#7#sixth and the final wife#1543#jeremy podeswa#michael hirst#0.95#may 23 , 2010
36#8#as it should be#1544#jeremy podeswa#michael hirst#0.99#june 6 , 2010
37#9#secrets of the heart#1544 - 1546#ciarán donnelly#michael hirst#0.72#june 13 , 2010
