member#headquarters#classification#chapters#founded#uccfs
alpha nu omega#baltimore , maryland#fraternity & sorority#26#1988 at morgan state university#2006
men of god#san antonio , texas#fraternity#5#1999 at texas tech university#2006
delta psi epsilon#washington , dc#sorority#12#1999 in huntsville , alabama#2006
zeta phi zeta#chicago , illinois#fraternity & sorority#7#2001 at x - stream teens ministries#2007
gamma phi delta#austin , texas#fraternity#16#1988 at the university of texas at austin#2011
