series#season#title#directed by#written by#original air date#production code
77#1#change , change , change#don kurt#brad kern#january 8 , 1998#k2701
78#2#drop dead gorgeous#norberto barba#kim newton#january 15 , 1998#k2704
79#3#pipeline#norberto barba#darin goldberg & shelley meals#january 22 , 1998#k2705
80#4#spare parts#frederick k keller#edward tivnan#january 29 , 1998#k2702
81#5#mob street#don kurt#brad kern#february 12 , 1998#k2706
82#6#rat trap#timothy van patten#kim newton#march 12 , 1998#k2708
83#7#quid pro quo#martha mitchell#denitria harris - lawrence#march 19 , 1998#k2709
84#8#capital punishment#melanie mayron#edward tivnan#march 26 , 1998#k2707
85#9#the unusual suspects#allen coulter#denitria harris - lawrence#may 28 , 1998#k2703
86#10#sign o' the times#timothy van patten#darin goldberg & shelley meals#june 4 , 1998#k2710
