player#no (s)#height in ft#position#years for rockets#school / club team / country
feitl , dave dave feitl#5#7 - 0#center#1986 - 86 , 1990 - 91#texas - el paso
finkel , hank hank finkel#17#7 - 0#center#1967 - 69#dayton
fitch , gerald gerald fitch#0#6 - 3#guard#2006#kentucky
floyd , sleepy sleepy floyd#11 , 21#6 - 3#guard#1987 - 93#georgetown
flynn , johnny johnny flynn#3#6 - 0#guard#2012#syracuse
ford , alton alton ford#1#6 - 9#forward#2003 - 04#houston
ford , phil phil ford#1#6 - 2#guard#1983 - 85#north carolina
frahm , rickie richie frahm#14#6 - 5#guard#2005 - 06#gonzaga
francis , steve steve francis#3#6 - 3#guard#1999 - 2004 , 2007 - 08#maryland
