institution#nickname#status#founded#color#location
bicol university#bu#state#1969#blue and white#legazpi city , albay
camarines norte state college#cnsc red horses#state#1992#red and white#daet , camarines norte
sorsogon state college#ssc whalesharks#state#1907#green#sorsogon city , sorsogon
catanduanes state college#csc golden warriors#state#1971#gold and white#virac , catanduanes
central bicol state university of agriculture#cbsua formerly known cssac#state#1918#gold , red#pili , camarines sur
partido state university#parsu cimmarons#state#1941#navy blue#goa , camarines sur
