edition#zone#round#date#against#surface#opponent#outcome#result
2005#europe / africa group i c#1r#21 april 2005#slovenia#clay#tina pisnik#loss#6 - 0 , 6 - 1
2005#europe / africa group i c#2r#22 april 2005#great britain#clay#elena baltacha#win#5 - 7 , 6 - 3 , 6 - 0
2005#europe / africa group play - off#semifinal#23 april 2005#israel#clay#shahar pe'er#loss#6 - 4 , 4 - 6 , 6 - 3
2006#europe / africa group i b#1r#18 april 2006#slovenia#clay#polona reberšak#loss#6 - 3 , 6 - 2
2006#europe / africa group i b#3r#20 april 2006#denmark#clay#eva dyrberg#win#2 - 6 , 6 - 4 , 6 - 4
2006#europe / africa group i#semifinal#22 april 2006#israel#clay#anna smashnova#win#5 - 7 , 4 - 5 ret
2007#europe / africa group i c#1r#20 april 2007#slovenia#clay#maša zec peškirič#loss#6 - 3 , 4 - 6 , 6 - 0
2007#europe / africa group i c#semifinal#21 april 2007#romania#clay#mădălina gojnea#loss#1 - 6 , 6 - 4 , 6 - 3
