disaster#year#countries affected#scale of disaster#people assisted#nature of help
kosovo#1997#kosovo , albania , serbia#10k killed , 850k displaced#>10000#medical , food , clothing
izmit earthquake#1999#turkey#17k killed , 60k homeless#15000#medical , shelter , food , clothing
gujarat earthquake#2001#india#20k killed , 166k injured , 600k homeless#5500#medical , shelter , food , clothing
asian tsunami#2004#indonesia , sri lanka , india , malaysia#220k killed , 1.6 million homeless#30000#medical , shelter , food , clothing
hurricane katrina#2005#usa#1.8k killed , millions homeless#1050#medical , shelter / re - furb , food , clothing , it
kashmir earthquake#2005#pakistan#80k killed , 3.3 m homeless#60000#medical , shelter , food , clothing , counseling
latin american flooding#2005 - 06#suriname , guyana#30k displaced and homeless#10000#food , clothing , it
peru earthquake#2007#peru#250k homeless#2000#food , clothing , shelter
cyclone sidr#2007#bangladesh#5k killed , 34k injured , 500k affected#7000#medical , water , food , clothing , shelter
kenya post - election violence#2008#kenya#1.5k killed , 600k displaced#2500#medical , food , clothing
cyclone nargis#2008#burma#146k killed , 1 m displaced#2000#clothing , water
gaza violence#2009#gaza , israel#7k killed or injured , 100k homeless#7000#food , education
sumatra earthquake#2009#indonesia#4k killed or injured , 1.2 m displaced#1000#medical , food , shelter
cyclone aila#2009#bangladesh#8.5k killed or injured , 1 m homeless#1600#food , water , clothing , shelter
