#episode#air date#timeslot#viewers#weekly rank for living
1#pilot#september 22 , 2008#monday , 10:00 pm#238000#4
2#chapter two : nothing sacred#september 29 , 2008#monday , 10:00 pm#139000#7
3#chapter three : pink poison#october 6 , 2008#monday , 10:00 pm#tbc#tbc
4#chapter four : bombay highway#october 13 , 2008#monday , 10:00 pm#183000#5
5#chapter five : dressed to kill#october 20 , 2008#monday , 10:00 pm#214000#8
6#chapter six : take the high road#october 27 , 2008#monday , 10:00 pm#tbc#tbc
