edition#round#date#partnering#against#surface#opponents#w - l#result
2010 fed cup europe / africa group i#rr#3 february 2010#neuza silva#croatia#hard#jelena kostanić tošić silvia njirić#win#7 - 5 , 6 - 4
2011 fed cup europe / africa group ii#rr#4 - 6 may 2011#maria joão koehler#morocco#clay#fatima el allami nadia lalami#win#6 - 3 , 6 - 2
2011 fed cup europe / africa group ii#rr#4 - 6 may 2011#maria joao koehler#finland#clay#emma laine piia suomalainen#win#6 - 3 , 6 - 2
2012 fed cup europe / africa group i#rr#1 - 3 february 2012#maria joao koehler#great britain#hard#laura robson heather watson#loss#5 - 7 , 0 - 6
2012 fed cup europe / africa group i#rr#1 - 3 february 2012#maria joao koehler#israel#hard#shahar pe'er julia glushko#win#6 - 2 , 4 - 6 , 6 - 4
2013 fed cup europe / africa group i#rr#7 - 9 february 2013#joana vale costa#great britain#hard#laura robson heather watson#loss#2 - 6 , 1 - 6
