season#mens singles#womens singles#mens doubles#womens doubles#mixed doubles
1930 / 1931#kaj andersen , københavns bk#ruth frederiksen , skovshoved if#sejlit raaskou sven strømann , skovshoved if#gerda frederiksen ruth frederiksen , skovshoved if#aksel hansen bodil clausen , skovshoved if
1931 / 1932#svend strømann , skovshoved if#ruth frederiksen , skovshoved if#sejlit raaskou sven strømann , skovshoved if#gerda frederiksen ruth frederiksen , skovshoved if#sejlit raaskou gerda frederiksen , skovshoved if
1932 / 1933#kaj andersen , københavns bk#ruth frederiksen , skovshoved if#sejlit raaskou sven strømann , skovshoved if#gerda frederiksen ruth frederiksen , skovshoved if#sven strømann ruth frederiksen , skovshoved if
1933 / 1934#svend strømann , skovshoved if#ruth frederiksen , skovshoved if#axel hansen sven strømann , skovshoved if#gerda frederiksen ruth frederiksen , skovshoved if#sven strømann ruth frederiksen , skovshoved if
1934 / 1935#poul vagn nielsen , gentofte bk#ruth frederiksen , skovshoved if#axel hansen sven strømann , skovshoved if#gerda frederiksen ruth frederiksen , skovshoved if#sven strømann ruth frederiksen , skovshoved if
1936 / 1937#eric kirchoff , gentofte bk#ruth frederiksen , skovshoved if#tage madsen carl frøhlke , skovshoved if#gerda frederiksen ruth dalsgaard , skovshoved if#aksel hansen ruth dalsgaard , skovshoved if
1937 / 1938#tage madsen , skovshoved if#tonny olsen , gentofte bk#tage madsen carl frøhlke , skovshoved if#bodil rise tonny olsen , gentofte bk#tage madsen bodil strømann , skovshoved if
1938 / 1939#conny jepsen , skovshoved if#tonny olsen , gentoftebk#gunnar holm niels kjerns , skovshoved if#bodil rise tonny olsen , gentofte bk#tage madsen ruth dalsgaard , skovshoved if
1939 / 1940#tage madsen , skovshoved if#tonny olsen , gentofte bk#tage madsen carl frøhlke , skovshoved if#bodil duus - rise tonny olsen , gentofte bk#tage madsen ruth dalsgaard , skovshoved if
1941 / 1942#tage madsen , skovshoved if#tonny olsen , gentofte bk#tage madsen carl frøhlke , skovshoved if#ruth dalsgaard jytte thayssen , skovshoved if#tage madsen ruth dalsgaard , skovshoved if
1943 / 1944#tage madsen , skovshoved if#agnete friis , amager bc#tage madsen carl frøhlke , skovshoved if#marie ussing jytte thayssen , skovshoved if#jan schmidt jytte thayssen , skovshoved if
1944 / 1945#tage madsen , skovshoved if#tonny olsen , gentofte bk#tage madsen carl frøhlke , skovshoved if#marie ussing jytte thayssen , skovshoved if#jan schmidt jytte thayssen , skovshoved if
1949 / 1950#jørn skaarup , københavns bk#tonny ahm , gentofte bk#ib olesen , københavns bk john nygaard , amager bc#agnete friis birgit rostgaard frøhne , gentofte bk#poul holm tonny ahm , gentofte bk
1950 / 1951#poul holm , gentofte bk#kirsten thorndahl , amager bk#jørn skaarup preben dabelsteen , københavns bk#aase schiøtt jacobsen tonny ahm , gentofte bk#arve lossmann kirsten thorndahl , amager bc
1951 / 1952#poul holm , gentofte bk#tonny ahm , gentofte bk#poul holm ole jensen , gentofte bk#jytte kjems - thayssen marie ussing , skovshoved if#poul holm tonny ahm , gentofte bk
1966 / 1967#erland kops , københavns bk#lonny funch , skovshoved if#henning borch jørgen mortensen , amager bc#marianne svensson ulla strand , københavns bk#per walsøe pernille mølgaard hansen , gentofte bk
1969 / 1970#svend pri amager bc#imre rietveld nielsen , nykøbing f#svend pri , amager bc per walsøe , gentofte bk#karin jørgensen ulla strand , københavns bk#per walsøe pernille mølgaard hansen , gentofte bk
1970 / 1971#jørgen mortensen , amager bc#lizbeth von barnekow , charlottenlund bk#svend pri , amager bc per walsøe , gentofte bk#karin jørgensen ulla strand , københavns bk#svend pri , amager bc ulla strand , københavns bk
1971 / 1972#svend pri , amager bc#lene køppen , valby bc#poul petersen , østerbro bk per walsøe , gentofte bk#pernille kaagaard anne flindt , gentofte bk#svend pri , amager bc ulla strand , københavns bk
1972 / 1973#svend pri , amager bc#lene køppen , valby bc#svend pri , amager bc poul petersen , østerbro bk#ulla strand , københavns bk lene køppen , valby bc#svend pri , amager bc ulla strand , københavns bk
1974 / 1975#svend pri , søllerød - nærum ik#lene køppen , gentofte bk#elo hansen flemming delfs , københavns bk#lene køppen , gentofte bk lnge borgstrøm , ringsted#steen skovgaard pernille kaagaard , gentofte bk
1975 / 1976#flemming delfs , værløse#lene køppen , gentofte bk#elo hansen , hvidovre bc flemming delfs , værløse#lene køppen , gentofte bk lnge borgstrøm , ringsted#steen skovgaard pernille kaagaard , gentofte bk
1978 / 1979#morten frost , gentofte bk#lene køppen , gentofte bk#mogens neergaard kenneth larsen , triton , aalborg#lene køppen susanne berg , gentofte bk#steen skovgaard lene køppen , gentofte bk
1979 / 1980#morten frost , gentofte bk#lene køppen , gentofte bk#steen fladberg , køge morten frost , gentofte bk#lene køppen anne skovgaard , gentofte bk#steen fladberg lene køppen , gentofte bk
1981 / 1982#morten frost , gentofte bk#lene køppen , gentofte bk#steen fladberg , køge morten frost , gentofte bk#lene køppen anne skovgaard , gentofte bk#steen skovgaard anne skovgaard , gentofte bk
1983 / 1984#morten frost , gentofte bk#kirsten larsen , gentofte bk#jens peter nierhoff morten frost , gentofte bk#hanne adsbøl , lyngby kirsten larsen , gentofte bk#morten frost ulla - britt frost , gentofte bk
2001 / 2002#peter gade , gentofte#camilla martin , gentofte#jens eriksen , hvidovre martin lundgaard , værløse#jane f bramsen ann - lou jørgensen , kmb#michael søgaard rikke olsen , kmb
2002 / 2003#peter gade , gentofte#camilla martin , værløse#jim laugesen , gentofte michael søgaard , kmb#rikke olsen ann - lou jørgensen , kmb#jens eriksen mette schjoldager , hvidovre
2003 / 2004#kenneth jonassen , greve#tine rasmussen , kmb#lars paaske , kbk jonas rasmussen , kmb#rikke olsen ann - lou jørgensen , kmb#jens eriksen mette schjoldager , hvidovre
2004 / 2005#peter gade , gentofte#tine rasmussen , kmb#jens eriksen , hvidovre martin lundgaard , værløse#rikke olsen , kmb mette schjoldager , hvidovre#thomas laybourn kamilla rytter juhl , værløse
