no#title#directed by#written by#bens location#original air date#us viewers (million)
1#milfay#rodrigo garcía#daniel knauf#milfay , oklahoma#september 14 , 2003#5.3
2#after the ball is over#jeremy podeswa#daniel knauf & ronald d moore#n / a#september 21 , 2003#3.49
4#black blizzard#peter medak#william schmidt#n / a#october 5 , 2003#2.87
5#babylon#tim hunter#dawn prestwich & nicole yorkin#babylon , texas#october 12 , 2003#3.31
6#pick a number#rodrigo garcía#ronald d moore#babylon , texas#october 19 , 2003#3.40
7#the river#alison maclean#toni graphia#texas#october 26 , 2003#3.90
8#lonnigan , texas#scott winant#daniel knauf#lonnigan , texas#november 2 , 2003#2.96
9#insomnia#jack bender#william schmidt#n / a#november 9 , 2003#3.41
10#hot and bothered#jeremy podeswa#dawn prestwich & nicole yorkin#loving , new mexico#november 16 , 2003#3.19
11#day of the dead#john patterson#toni graphia#loving , new mexico#november 23 , 2003#2.56
