no#-#title#directed by#written by#bens location#original air date#us viewers (million)
13#1#los moscos#jeremy podeswa#daniel knauf#loving , new mexico#january 9 , 2005#1.81
14#2#alamogordo , nm#jack bender#william schmidt#alamogordo , new mexico#january 16 , 2005#n / a
15#3#ingram , tx#john patterson#john j mclaughlin#ingram , texas#january 23 , 2005#n / a
16#4#old cherry blossom road#steve shill#dawn prestwich & nicole yorkin#ingram , texas#january 30 , 2005#n / a
17#5#creed , ok#jeremy podeswa#tracy tormé#creed , oklahoma#february 6 , 2005#n / a
18#6#the road to damascus#tucker gates#dawn prestwich & nicole yorkin#n / a#february 13 , 2005#1.5
20#8#outskirts , damascus , ne#tim hunter#daniel knauf#damascus , nebraska#february 27 , 2005#n / a
21#9#lincoln highway#rodrigo garcía#william schmidt#lincoln highway , wyoming#march 6 , 2005#1.96
22#10#cheyenne , wy#todd field#tracy tormé#cheyenne , wyoming#march 13 , 2005#n / a
