departure#going to#calling at#arrival#operator
03.54#peterborough east#peterborough east#04.05#lnwr
08.29#peterborough north#castor , overton , peterborough north#08.48#gnr
08.40#peterborough east#castor , overton , peterborough east#09.04#lnwr
10.19#peterborough east#castor , peterborough east#10.37#lnwr
10.50#peterborough east#overton , peterborough east#11.05#lnwr
11.47#peterborough north#castor , overton , peterborough north#12.06#gnr
12.28#peterborough east#peterborough east#12.40#lnwr
13.52#peterborough east#castor , overton , peterborough east#14.12#lnwr
14.49#peterborough east#overton , peterborough east#15.05#lnwr
16.16#peterborough east#castor , overton , peterborough east#16.33#lnwr
17.30#peterborough north#castor , peterborough north#17.46#gnr
19.37#peterborough east#castor , overton , peterborough east#19.58#lnwr
22.01#peterborough east#peterborough east#22.15#lnwr
